{
   "description": "This file is generated by qmake to be read by androiddeployqt and should not be modified by hand.",
   "qt": "E:/Qt/Qt5.14.2/5.14.2/android",
   "sdk": "E:/Qt/qt_android/android-sdk-windows",
   "sdkBuildToolsRevision": "28.0.3",
   "ndk": "E:\\Qt\\qt_android\\android-ndk-r21b",
   "toolchain-prefix": "llvm",
   "tool-prefix": "llvm",
   "ndk-host": "windows-x86_64",
   "architectures": {"armeabi-v7a":"arm-linux-androideabi"},
   "android-package-source-directory": "C:/Users/19457/Desktop/working/QML_APP_V5.0/android",
   "qml-root-path": "C:/Users/19457/Desktop/working/QML_APP_V5.0",
   "stdcpp-path": "E:\\Qt\\qt_android\\android-ndk-r21b/toolchains/llvm/prebuilt/windows-x86_64/sysroot/usr/lib/",
   "qrcFiles": "C:/Users/19457/Desktop/working/QML_APP_V5.0/qml.qrc,C:/Users/19457/Desktop/working/QML_APP_V5.0/images.qrc",
   "application-binary": "QML_APP"
}
